math,physics,chemistry,english,cs,attendance,hours_studied,extracurricular,school_type,prep_course,overall_score,passed
73.7,85.7,65.2,66.3,69.0,89.4,13.7,3,Public,Yes,52.62,0
57.5,79.6,55.8,65.8,66.7,87.0,12.1,2,Public,No,61.11,1
79.0,58.6,60.2,85.3,78.8,93.1,15.9,3,Public,No,69.25,1
81.3,48.5,74.9,75.3,76.8,88.9,5.4,4,Public,Yes,43.59,0
46.6,29.5,66.0,69.9,58.5,94.7,9.2,2,Public,Yes,27.82,0
54.4,60.9,70.8,77.0,86.3,92.4,8.6,5,Public,Yes,52.28,0
71.5,99.5,75.4,50.9,73.0,97.2,4.1,5,Private,No,18.41,0
66.2,73.7,60.8,71.6,61.8,87.9,13.2,4,Public,No,34.48,0
69.8,60.7,76.6,92.0,87.1,92.2,9.2,5,Public,Yes,62.45,1
59.8,74.0,71.3,73.3,80.9,82.5,12.2,2,Public,Yes,49.98,0
80.6,47.7,48.7,72.7,60.1,80.2,17.1,0,Public,No,41.62,0
79.3,64.1,86.2,77.5,93.5,98.7,8.9,2,Public,Yes,81.84,1
70.8,69.3,59.0,81.0,81.2,86.7,8.7,4,Private,No,47.79,0
83.5,66.9,42.8,52.0,73.9,91.4,10.4,4,Public,No,24.63,0
75.6,78.3,51.4,55.2,91.5,86.0,13.0,2,Private,No,57.28,0
59.7,72.5,51.7,74.1,75.8,80.3,8.3,1,Private,No,34.46,0
74.4,76.7,66.7,64.9,73.7,85.1,8.1,2,Public,No,42.91,0
58.5,59.1,62.2,85.1,66.7,96.5,13.2,4,Public,No,42.24,0
80.5,79.7,61.3,68.8,80.4,89.4,11.1,0,Public,Yes,86.41,1
69.4,89.2,74.7,52.7,79.2,71.3,3.9,1,Public,Yes,14.93,0
67.8,55.4,70.8,59.3,74.2,83.3,6.3,1,Public,No,26.71,0
61.8,56.5,70.4,44.5,65.3,99.3,14.5,4,Public,Yes,44.12,0
84.7,85.4,71.7,69.7,75.4,83.3,11.2,2,Public,No,48.76,0
68.1,65.5,74.6,70.1,73.2,70.6,7.7,0,Public,No,49.85,0
64.9,86.2,36.5,67.8,59.3,100.0,9.5,1,Private,No,49.38,0
65.8,62.2,60.9,82.8,57.8,90.5,10.0,0,Public,Yes,41.88,0
76.4,86.9,35.5,84.0,80.2,84.4,12.2,2,Private,No,51.1,0
74.4,69.7,66.5,70.3,45.4,82.0,5.9,5,Public,No,33.78,0
75.0,71.4,65.9,50.7,76.3,93.7,7.5,3,Public,Yes,44.76,0
75.2,88.3,80.6,78.2,68.7,80.7,10.8,5,Public,No,60.77,1
95.7,63.3,82.6,77.6,88.4,94.2,9.7,4,Public,No,64.46,1
65.1,55.8,68.8,75.1,68.6,89.3,11.7,5,Public,No,48.05,0
63.9,62.2,59.0,81.8,81.3,87.0,6.3,1,Private,No,51.56,0
60.2,73.9,72.8,60.4,69.6,86.2,11.1,5,Public,Yes,34.01,0
77.4,47.6,58.6,92.1,75.3,83.6,13.3,1,Public,No,33.53,0
83.5,76.3,66.0,62.4,82.1,93.4,11.5,2,Public,No,32.64,0
68.6,61.0,79.8,79.5,68.9,78.1,10.4,4,Public,Yes,64.55,1
59.9,82.9,58.2,55.1,85.0,72.0,9.7,1,Public,No,41.07,0
60.1,36.9,77.3,62.7,63.1,89.9,7.5,1,Public,Yes,37.21,0
77.8,57.8,75.5,87.2,77.2,90.0,9.8,0,Public,Yes,38.14,0
78.9,46.1,52.6,69.4,84.1,88.8,13.8,0,Public,No,64.97,1
76.5,57.3,79.6,80.4,81.3,88.3,9.6,3,Public,Yes,50.7,0
62.0,71.2,75.8,74.4,95.1,82.4,7.3,5,Private,No,57.73,0
72.8,65.7,67.4,71.0,65.6,91.3,8.5,1,Public,Yes,57.32,0
71.4,64.7,55.3,85.6,58.8,84.6,10.6,2,Public,No,27.98,0
72.6,65.9,54.0,69.6,63.1,81.1,8.9,5,Private,Yes,39.02,0
80.5,70.6,58.5,54.2,81.3,82.5,11.5,4,Public,No,48.86,0
72.7,54.9,73.6,64.0,79.5,100.0,11.6,0,Public,Yes,88.49,1
78.1,77.2,52.6,77.5,75.1,71.1,12.7,3,Private,No,57.49,0
70.8,76.6,72.1,76.0,61.6,89.0,14.3,0,Private,Yes,82.45,1
73.5,73.0,48.6,56.3,82.4,71.6,13.0,1,Private,Yes,64.3,1
77.6,75.2,63.1,64.8,60.5,84.1,7.2,1,Public,No,43.22,0
52.5,71.9,67.5,66.2,86.7,81.5,7.3,3,Private,No,29.99,0
66.2,94.5,100.0,68.3,100.0,68.3,9.8,1,Public,No,80.1,1
64.4,66.9,46.7,58.2,78.0,88.1,8.6,1,Private,Yes,20.03,0
62.3,64.0,86.6,65.7,80.4,82.0,6.6,1,Private,Yes,71.86,1
66.7,58.2,68.1,64.7,68.6,68.2,8.7,2,Private,No,39.01,0
87.9,54.6,71.8,79.7,54.1,91.7,8.6,3,Public,No,11.2,0
59.6,51.8,67.7,80.1,67.4,96.5,8.0,2,Public,Yes,36.71,0
81.6,56.4,72.2,70.5,62.0,96.9,9.1,1,Public,No,52.22,0
49.8,67.1,63.8,68.1,58.1,87.9,13.5,3,Public,No,33.79,0
66.0,72.3,86.4,73.4,92.9,85.4,10.6,3,Public,No,68.68,1
72.0,68.7,59.6,63.8,77.0,95.6,17.4,0,Private,Yes,49.81,0
77.0,58.0,81.9,60.5,78.2,98.5,10.5,5,Public,No,36.08,0
78.5,79.7,57.0,62.6,70.6,94.1,9.1,5,Public,Yes,51.9,0
79.5,77.6,65.2,65.7,72.1,77.5,10.0,3,Public,No,48.52,0
65.8,65.9,51.0,60.4,84.6,86.6,10.8,3,Public,Yes,39.18,0
64.5,59.5,72.4,73.6,73.6,88.5,11.3,4,Public,No,62.49,1
80.3,75.1,86.2,79.3,79.8,70.5,16.2,2,Public,No,56.07,0
67.7,70.4,64.9,56.1,71.8,88.8,7.5,2,Private,No,44.71,0
54.7,49.2,63.2,72.3,70.2,100.0,12.6,2,Private,Yes,47.0,0
56.4,67.1,50.4,69.8,58.5,90.1,10.6,0,Public,Yes,13.9,0
59.0,71.4,62.8,75.4,52.2,96.8,5.3,5,Public,No,17.26,0
76.0,56.3,43.7,71.9,71.1,86.5,12.3,1,Public,No,36.72,0
71.7,70.5,53.2,57.5,74.6,84.4,13.8,1,Private,No,71.4,1
78.3,49.1,69.2,59.4,59.9,88.1,7.4,5,Private,Yes,50.95,0
64.9,85.4,84.5,72.3,73.6,78.5,10.0,3,Public,No,32.49,0
71.9,84.2,100.0,82.3,74.6,77.3,4.8,3,Private,Yes,27.37,0
77.5,64.7,57.8,49.9,50.3,95.1,6.2,1,Public,Yes,41.01,0
66.3,72.7,86.1,75.5,63.9,96.0,13.1,1,Public,Yes,59.49,0
75.5,36.7,69.4,83.9,78.5,77.1,8.6,4,Private,No,59.12,0
62.1,53.0,63.9,70.5,78.3,92.7,6.7,2,Public,Yes,27.36,0
65.6,64.2,72.1,77.5,61.3,84.3,10.7,0,Public,Yes,50.72,0
65.4,54.1,66.9,65.0,75.7,87.7,8.4,5,Public,No,49.02,0
55.6,77.3,67.5,70.8,85.2,88.7,8.6,2,Public,No,39.16,0
75.8,94.0,60.3,55.8,82.5,93.0,12.2,4,Public,Yes,56.67,0
64.4,52.7,46.4,48.6,73.0,85.7,6.5,2,Public,Yes,24.17,0
70.1,57.1,44.4,81.4,68.9,96.3,7.3,3,Public,No,41.23,0
75.8,71.1,75.1,62.2,67.1,87.5,10.5,4,Public,Yes,53.73,0
75.4,88.9,62.1,67.4,79.1,90.0,12.9,5,Private,Yes,81.32,1
78.0,52.1,57.7,58.1,76.1,78.3,13.7,1,Public,No,32.44,0
68.8,71.2,66.1,57.9,80.9,100.0,8.0,4,Private,Yes,36.88,0
64.9,91.7,77.1,70.3,75.5,88.8,12.8,5,Public,No,87.42,1
69.0,46.5,68.5,64.7,83.0,90.7,7.6,3,Public,Yes,34.21,0
49.8,51.3,56.8,75.8,75.0,72.1,15.5,0,Public,Yes,30.41,0
52.6,62.5,83.2,76.5,82.6,78.4,6.6,1,Private,Yes,48.07,0
54.1,61.2,88.1,75.2,83.6,94.9,14.0,1,Public,Yes,60.31,1
58.0,78.6,72.9,74.4,65.2,87.3,8.0,0,Private,Yes,44.98,0
74.8,71.1,79.6,87.8,54.1,69.7,16.0,4,Public,Yes,62.67,1
59.1,44.9,83.4,61.3,91.0,93.3,11.8,5,Public,No,46.62,0
65.5,74.7,81.8,71.5,76.8,80.6,7.0,3,Public,No,49.96,0
85.6,60.5,74.6,83.3,55.1,96.3,8.4,3,Public,Yes,24.14,0
65.7,84.6,74.4,84.6,66.1,84.3,12.3,4,Public,No,82.4,1
78.9,59.8,73.3,57.8,82.5,86.6,13.2,2,Public,No,48.43,0
58.8,59.7,50.6,68.9,70.9,94.4,9.8,2,Public,No,39.77,0
67.5,75.0,75.8,85.6,68.4,77.8,10.1,3,Public,Yes,38.74,0
58.6,77.9,47.0,77.1,89.4,77.1,12.3,1,Public,Yes,42.36,0
65.9,73.8,54.9,74.0,62.5,83.4,10.4,0,Public,Yes,33.41,0
80.1,46.1,84.2,69.8,65.2,91.6,6.1,3,Public,Yes,65.38,1
49.3,75.0,77.8,68.2,76.3,74.4,7.6,4,Public,Yes,37.09,0
75.2,54.6,86.8,74.9,78.3,71.7,10.7,0,Public,No,58.05,0
72.9,71.1,62.2,69.5,79.5,91.6,13.6,1,Public,No,42.98,0
62.9,49.5,49.9,71.6,84.0,80.2,14.8,1,Public,Yes,36.3,0
52.6,73.8,62.6,72.8,76.2,81.9,12.3,4,Private,No,45.08,0
70.9,57.5,67.4,65.2,79.4,70.1,10.9,3,Public,Yes,62.1,1
63.6,51.3,67.1,77.3,71.1,79.6,12.2,3,Public,No,16.05,0
72.8,77.3,81.9,100.0,74.7,84.9,8.0,3,Private,No,48.13,0
70.3,71.1,60.9,54.2,75.2,92.4,9.5,1,Public,Yes,18.83,0
89.2,60.0,70.9,75.2,76.4,78.8,7.5,4,Public,No,35.33,0
67.1,86.9,52.2,64.4,82.5,98.3,6.3,0,Private,No,34.93,0
57.7,62.3,72.3,77.8,80.1,79.5,11.0,0,Private,No,25.71,0
72.2,68.4,66.0,72.5,74.5,79.5,10.6,4,Private,No,41.75,0
72.6,71.5,55.5,79.6,65.1,97.3,12.1,3,Public,No,22.6,0
86.3,59.9,62.7,83.8,74.7,86.7,11.6,1,Public,Yes,43.58,0
80.0,74.1,63.4,73.9,73.7,80.6,10.7,2,Private,Yes,74.62,1
74.3,61.1,62.2,83.3,76.1,83.8,11.7,0,Private,No,56.08,0
87.6,62.6,90.8,48.6,98.3,95.8,9.9,4,Public,Yes,68.8,1
55.7,85.7,64.6,87.9,68.2,96.7,11.2,4,Public,No,40.75,0
62.3,54.5,62.6,75.8,78.6,78.5,7.8,1,Public,No,13.65,0
58.9,36.6,36.6,82.8,85.8,84.7,11.1,2,Public,No,12.53,0
65.3,88.9,53.5,59.8,75.1,85.7,12.0,1,Public,Yes,48.73,0
53.5,100.0,62.3,63.7,99.7,77.1,8.0,2,Public,No,60.26,1
77.6,62.7,56.4,73.5,69.8,84.6,10.2,1,Public,Yes,57.43,0
67.3,42.8,85.3,71.8,77.6,85.0,8.1,1,Public,Yes,52.89,0
52.4,64.0,63.7,74.8,65.2,94.1,8.4,2,Public,Yes,29.64,0
57.8,64.3,84.0,82.8,70.1,94.7,6.6,5,Public,No,47.93,0
73.8,65.5,66.9,54.3,76.7,82.4,13.8,4,Public,No,43.02,0
80.1,53.5,66.5,81.7,83.3,83.3,13.2,1,Public,Yes,54.28,0
94.0,75.5,64.8,72.1,77.5,90.3,11.6,5,Private,No,92.57,1
100.0,74.8,66.1,70.0,87.9,80.3,15.9,1,Public,Yes,48.99,0
75.0,48.6,90.1,57.3,73.0,89.7,9.4,5,Public,No,43.47,0
58.1,77.1,33.5,77.0,70.3,84.3,19.1,1,Public,Yes,63.97,1
44.4,94.7,38.0,47.9,100.0,77.2,9.3,3,Public,No,14.16,0
73.2,70.2,58.4,78.5,78.3,77.3,10.8,1,Public,No,37.36,0
60.2,63.6,66.2,57.1,66.1,96.6,8.8,4,Public,No,28.74,0
65.0,66.2,75.7,72.5,66.4,83.7,11.1,1,Public,Yes,46.21,0
62.7,76.0,72.6,70.8,63.6,98.1,12.5,5,Public,No,31.51,0
68.3,45.5,60.6,83.7,84.3,80.9,9.7,0,Public,No,45.68,0
82.8,70.1,80.3,70.2,70.0,87.3,15.3,3,Public,No,70.39,1
71.9,62.9,80.4,65.1,75.4,100.0,10.7,0,Public,No,56.05,0
68.1,92.0,68.6,66.9,73.3,76.5,10.8,5,Public,No,42.04,0
57.6,65.7,79.5,84.7,82.0,69.8,7.3,2,Public,Yes,49.79,0
49.9,89.7,69.8,77.4,64.7,95.3,11.3,4,Public,No,38.89,0
64.2,53.7,58.1,68.1,62.2,78.4,9.6,5,Public,Yes,31.73,0
69.4,75.6,75.8,69.6,76.5,84.8,8.2,3,Public,No,77.02,1
91.2,72.2,67.5,56.3,80.6,80.3,7.7,0,Public,Yes,52.1,0
71.6,56.7,66.0,75.9,77.7,87.1,18.0,1,Private,Yes,47.13,0
81.8,70.3,86.6,54.4,65.1,77.4,9.2,1,Private,No,52.6,0
64.0,83.8,31.7,79.5,81.5,83.6,5.6,5,Private,No,22.93,0
55.8,63.8,46.2,73.3,65.8,88.6,7.9,5,Public,No,14.07,0
58.4,46.0,49.4,95.9,68.3,76.9,9.8,2,Public,No,17.24,0
61.3,67.8,60.9,61.0,63.6,79.4,11.6,5,Public,Yes,36.23,0
95.5,56.3,62.4,71.0,88.3,82.2,11.7,1,Public,Yes,70.13,1
60.1,63.5,44.9,90.0,81.0,73.6,12.0,4,Public,Yes,53.78,0
80.1,66.9,52.2,83.9,80.7,81.6,8.1,2,Public,No,52.0,0
59.2,45.8,53.9,65.0,87.7,86.0,11.0,1,Public,No,17.16,0
81.2,47.0,100.0,74.2,100.0,81.8,7.4,1,Public,No,49.68,0
74.6,74.3,91.2,72.0,55.2,82.8,8.1,2,Public,No,53.07,0
68.1,61.2,60.2,74.8,65.9,84.8,7.2,2,Private,Yes,35.43,0
69.5,34.7,60.9,65.0,67.2,79.8,6.4,1,Public,No,17.36,0
62.1,78.2,49.9,71.1,64.6,90.5,13.2,2,Private,No,51.85,0
75.4,71.5,39.3,56.0,62.1,96.5,12.1,0,Public,No,29.13,0
64.5,58.7,64.4,73.4,70.7,81.3,12.9,5,Public,Yes,51.87,0
55.3,50.9,52.0,76.5,60.6,88.9,10.1,2,Public,Yes,52.77,0
54.7,78.9,64.8,69.7,77.7,83.1,12.3,0,Public,No,41.7,0
72.1,72.5,43.6,55.8,74.6,87.9,4.7,3,Public,Yes,49.18,0
88.9,99.0,55.3,81.9,79.3,97.5,12.6,5,Public,No,78.16,1
71.9,73.5,68.1,75.6,79.6,89.1,10.5,2,Public,Yes,37.94,0
68.6,73.0,71.1,64.7,80.6,70.8,11.9,5,Public,No,35.29,0
73.4,65.8,71.8,69.2,69.9,88.6,11.1,3,Public,No,37.53,0
85.7,78.6,47.5,57.0,97.3,94.9,7.0,4,Private,No,42.07,0
72.6,76.1,78.0,61.7,76.6,83.2,5.5,1,Public,Yes,47.16,0
65.1,84.3,54.8,66.6,53.5,93.0,7.9,0,Public,Yes,47.32,0
83.3,61.2,74.9,84.3,63.0,79.5,11.7,2,Public,Yes,73.22,1
75.1,62.3,65.9,65.6,54.9,73.1,12.1,5,Public,No,44.26,0
88.4,61.8,46.7,78.4,74.2,86.1,5.9,4,Public,Yes,39.84,0
72.2,78.3,61.6,66.6,72.7,70.9,7.1,4,Public,No,13.5,0
55.3,87.5,71.1,74.5,68.8,83.1,7.8,5,Private,Yes,56.38,0
53.6,62.0,74.6,70.6,96.1,95.3,8.9,2,Public,Yes,51.44,0
89.8,62.5,64.0,80.7,80.0,69.7,5.9,1,Public,No,46.74,0
90.7,72.1,87.4,66.7,82.0,74.8,5.7,5,Public,No,84.13,1
67.8,64.8,80.1,56.3,63.8,76.7,7.5,3,Private,No,56.69,0
65.4,80.4,62.4,58.2,63.0,84.5,10.3,1,Private,No,52.66,0
87.5,38.7,76.5,66.7,74.4,82.1,6.5,1,Private,No,28.9,0
56.7,57.3,93.1,59.5,75.9,96.2,9.7,5,Public,No,40.38,0
59.3,57.8,93.4,76.1,53.6,92.6,13.2,0,Public,No,45.57,0
77.7,37.8,48.8,67.3,72.0,89.0,6.1,0,Public,Yes,18.02,0
65.3,55.5,53.0,95.7,74.2,86.2,9.4,4,Private,No,52.75,0
69.9,56.1,86.8,54.6,71.6,88.1,13.1,0,Public,No,49.99,0
68.0,65.4,51.2,74.0,65.1,78.1,8.7,1,Public,Yes,22.91,0
74.1,82.5,47.5,60.7,68.1,91.9,8.3,5,Public,No,56.68,0
86.9,64.8,59.2,67.1,72.1,76.1,13.5,2,Public,No,49.42,0
71.1,54.6,71.9,73.4,75.0,91.7,9.1,4,Public,No,22.61,0
77.7,67.3,64.6,48.7,80.7,94.5,13.3,2,Public,Yes,52.15,0
45.4,81.6,56.9,74.4,85.9,86.7,11.3,0,Public,No,45.36,0
69.4,55.3,56.6,91.0,70.8,83.6,9.0,1,Private,No,55.8,0
59.9,56.2,56.0,67.5,69.0,88.2,11.4,4,Public,Yes,35.42,0
55.4,75.3,53.7,74.6,78.8,62.1,11.0,0,Private,Yes,54.55,0
59.5,65.1,97.9,82.2,80.7,87.4,13.1,3,Public,Yes,68.85,1
66.0,76.4,70.2,70.4,69.2,84.1,8.4,2,Private,Yes,35.4,0
81.0,67.8,78.4,66.2,82.7,84.6,10.1,2,Public,No,35.44,0
54.1,77.1,59.2,49.2,84.8,90.7,9.8,5,Private,No,58.0,0
70.4,54.5,63.4,78.4,88.2,84.4,12.1,3,Public,Yes,69.03,1
64.2,67.8,56.0,70.9,93.6,75.9,6.9,3,Public,Yes,48.23,0
66.1,65.3,28.9,61.9,64.5,83.9,13.1,2,Public,No,46.73,0
82.0,52.2,46.7,73.3,74.2,85.5,11.4,2,Public,Yes,57.71,0
76.5,47.7,40.7,66.2,74.1,85.9,6.0,4,Public,No,34.94,0
86.0,76.9,34.5,66.7,72.9,86.3,13.6,0,Private,Yes,40.85,0
68.1,63.4,49.3,78.1,66.9,93.3,16.7,1,Private,Yes,77.33,1
61.6,54.7,84.5,58.6,57.7,76.3,13.0,3,Public,No,45.43,0
67.3,66.7,65.4,82.5,75.0,86.4,14.3,3,Public,Yes,53.0,0
72.9,82.7,84.1,58.0,65.5,95.3,10.3,0,Public,No,42.86,0
72.1,38.4,71.8,65.4,74.9,71.1,5.0,4,Private,Yes,40.48,0
57.0,48.5,77.0,91.2,65.3,86.4,4.5,3,Private,No,16.82,0
71.1,56.0,53.4,83.3,61.9,80.3,10.8,1,Public,No,44.85,0
72.7,87.0,73.3,73.0,76.6,82.0,8.2,4,Private,No,46.23,0
100.0,71.7,76.2,62.6,75.7,77.8,7.3,5,Public,Yes,65.24,1
92.5,78.0,57.9,66.7,80.4,83.6,9.8,2,Private,No,50.3,0
59.8,53.2,73.8,72.7,98.0,99.7,11.8,1,Private,No,50.78,0
66.6,53.4,73.9,72.4,77.1,74.9,5.6,1,Private,Yes,32.98,0
52.4,73.8,58.3,71.1,79.3,75.6,8.7,3,Public,Yes,38.93,0
62.9,68.8,50.3,71.7,62.1,74.6,14.5,0,Public,No,60.29,1
73.8,75.1,49.4,69.9,59.8,98.8,6.8,2,Public,Yes,59.46,0
84.5,65.6,67.2,57.6,91.4,81.3,12.6,0,Private,No,59.84,0
61.3,71.6,70.6,66.8,63.8,84.8,8.5,0,Public,No,36.29,0
62.2,70.1,54.9,81.1,62.5,81.8,11.6,2,Public,Yes,55.53,0
44.2,78.1,66.4,58.3,73.6,77.4,13.3,4,Private,No,58.19,0
68.0,78.5,74.0,70.1,73.0,83.1,12.2,5,Public,No,43.83,0
57.3,46.9,74.7,63.8,64.1,100.0,12.7,0,Public,Yes,39.67,0
63.6,38.8,87.7,73.1,70.6,96.1,6.5,1,Public,No,12.85,0
59.5,81.0,83.9,68.1,87.5,78.2,13.3,2,Public,Yes,76.92,1
68.9,83.4,52.0,86.8,65.1,90.2,7.4,3,Public,Yes,76.7,1
48.9,54.7,89.6,77.1,58.7,78.3,10.8,5,Public,No,41.55,0
52.4,43.8,58.6,58.9,84.4,70.8,10.8,4,Public,Yes,3.67,0
95.6,69.3,80.6,78.7,79.4,93.2,11.5,3,Public,No,75.23,1
54.6,80.1,67.0,64.3,67.2,94.3,11.0,0,Public,Yes,34.16,0
56.8,91.4,60.2,66.2,56.6,93.4,7.5,0,Public,No,27.55,0
92.0,74.7,40.7,75.1,65.8,81.2,6.0,0,Public,Yes,49.93,0
100.0,63.2,63.6,67.1,73.4,83.7,12.6,3,Public,No,58.63,0
55.9,56.4,44.2,80.9,86.8,91.0,10.6,1,Public,No,28.84,0
65.6,68.1,79.5,64.3,62.6,88.1,13.4,1,Private,No,42.54,0
74.1,64.1,87.2,65.8,73.1,81.9,9.9,4,Public,No,52.89,0
90.7,54.8,54.8,65.4,81.4,72.0,5.8,4,Public,No,32.1,0
58.2,94.6,70.2,66.3,47.8,85.9,12.9,2,Private,No,35.81,0
67.1,91.2,55.8,83.0,85.4,93.6,8.9,5,Public,No,52.7,0
79.3,82.8,57.2,78.3,61.0,75.4,11.0,4,Public,No,53.73,0
75.2,56.0,76.8,89.1,77.7,90.1,8.1,4,Public,No,50.2,0
65.5,79.1,65.5,94.7,76.7,87.7,14.9,5,Public,No,45.11,0
68.4,76.3,90.4,61.7,85.9,91.0,7.4,1,Public,Yes,70.68,1
53.5,73.8,59.2,72.7,80.1,92.0,9.0,4,Private,No,10.4,0
67.1,84.2,80.0,60.2,47.8,79.4,10.3,5,Private,No,43.64,0
66.8,76.3,67.4,64.2,65.4,72.1,6.7,5,Public,Yes,34.72,0
72.8,77.6,77.1,65.7,75.5,80.7,11.0,3,Public,Yes,59.66,0
63.3,76.3,59.7,61.4,71.9,92.1,14.8,4,Public,No,55.87,0
75.7,72.4,65.3,61.5,79.3,80.7,8.5,5,Public,No,60.74,1
82.2,44.8,64.4,70.6,82.7,79.4,11.2,5,Public,Yes,41.09,0
71.9,69.1,54.3,59.8,80.7,70.4,1.8,5,Public,Yes,41.27,0
74.2,60.8,75.3,80.4,71.6,99.0,9.9,4,Private,Yes,64.61,1
70.6,51.4,75.1,62.8,53.7,91.6,9.1,2,Public,No,12.07,0
70.0,89.9,74.3,100.0,69.0,91.2,7.5,4,Public,No,86.34,1
61.3,90.5,87.5,67.5,78.6,92.7,13.2,2,Public,No,43.98,0
73.8,85.7,86.3,72.7,62.0,89.6,9.0,4,Public,No,63.0,1
68.8,71.3,60.8,59.0,80.9,83.0,9.5,4,Private,No,51.4,0
95.1,85.6,71.2,89.1,84.0,83.7,8.9,5,Public,Yes,78.52,1
88.9,68.2,57.3,83.2,75.4,81.6,4.2,3,Private,No,42.39,0
74.6,70.6,66.3,75.0,40.3,100.0,6.6,2,Private,Yes,57.19,0
60.8,53.8,57.6,58.5,59.9,89.4,12.9,0,Private,Yes,17.43,0
56.7,73.2,88.7,74.1,94.7,81.3,3.7,3,Public,No,47.2,0
84.3,68.8,71.1,60.8,68.0,88.7,7.7,3,Public,No,38.22,0
73.2,51.1,62.9,86.6,52.2,76.9,8.8,3,Private,Yes,35.06,0
75.8,67.3,82.7,80.1,87.6,97.0,15.2,4,Private,No,79.1,1
49.1,67.0,35.6,73.0,74.1,79.7,12.3,5,Public,No,44.78,0
81.1,91.4,37.8,47.6,86.2,89.0,8.3,0,Private,Yes,44.31,0
75.5,79.6,77.1,62.2,77.0,93.5,13.9,2,Public,Yes,74.4,1
56.7,68.1,66.8,78.9,79.0,88.1,7.8,4,Public,Yes,48.6,0
64.3,71.2,69.5,84.1,78.0,85.8,13.0,4,Private,No,47.9,0
73.2,68.6,47.4,83.1,81.7,85.1,5.9,4,Public,No,37.79,0
70.6,65.4,65.7,56.1,99.1,84.5,13.2,4,Public,No,48.05,0
66.5,53.9,94.0,75.0,84.7,80.4,8.8,5,Private,Yes,52.39,0
68.8,66.0,77.5,82.2,56.6,81.4,6.9,5,Private,No,53.29,0
67.0,58.3,68.4,55.4,78.9,96.8,9.3,3,Private,No,47.1,0
71.8,51.7,59.9,71.9,86.6,84.1,10.8,1,Public,No,20.52,0
87.7,74.6,60.5,74.7,87.2,78.7,8.5,3,Private,Yes,40.93,0
39.2,73.1,36.2,69.0,69.3,80.9,11.7,4,Public,No,31.14,0
67.2,44.8,69.6,53.5,86.8,93.8,8.3,0,Public,No,22.43,0
72.1,66.4,77.8,68.7,84.2,90.4,11.9,4,Public,Yes,64.97,1
73.6,80.9,43.9,68.7,100.0,89.5,11.3,3,Private,Yes,71.28,1
65.5,81.8,56.7,70.5,65.7,82.9,9.8,5,Private,Yes,36.04,0
48.9,81.3,49.8,66.4,68.4,89.6,8.7,1,Private,Yes,21.72,0
73.9,68.5,52.5,67.6,70.6,79.9,10.5,5,Public,No,63.07,1
90.7,57.0,66.7,71.6,68.6,82.9,11.7,2,Public,Yes,58.26,0
51.6,53.9,36.8,76.4,64.2,92.8,16.2,3,Public,Yes,31.31,0
80.4,72.5,74.6,69.0,43.6,92.0,12.8,3,Public,No,37.47,0
66.1,72.9,76.6,67.9,69.2,77.1,12.9,3,Public,Yes,47.6,0
69.3,84.7,62.5,72.9,78.1,78.2,19.3,5,Public,Yes,52.88,0
57.4,82.3,31.3,52.8,68.6,85.9,11.5,1,Private,No,42.49,0
66.0,66.3,52.1,76.8,95.3,98.8,11.5,4,Private,Yes,50.07,0
85.6,51.8,83.3,72.0,74.1,69.7,12.1,5,Private,Yes,76.37,1
77.0,63.9,27.1,72.4,88.2,87.2,7.0,1,Public,Yes,31.32,0
90.8,70.8,61.1,81.6,76.9,74.0,8.7,1,Public,Yes,41.63,0
84.1,65.4,49.5,52.5,83.1,79.9,8.5,2,Public,No,31.29,0
75.3,60.5,77.3,52.3,77.1,82.1,11.9,4,Public,Yes,17.51,0
90.9,71.3,56.5,74.7,89.1,81.6,9.5,5,Public,Yes,59.35,0
75.3,61.4,71.7,71.9,74.6,80.7,10.4,4,Public,No,45.69,0
79.9,59.8,73.9,73.7,79.5,85.1,13.3,4,Public,No,66.96,1
66.4,72.0,91.7,67.4,78.0,80.7,12.6,2,Public,Yes,36.69,0
70.8,62.8,63.2,78.6,70.8,73.3,9.5,3,Public,Yes,61.19,1
61.6,71.2,71.3,81.3,78.5,91.2,8.0,1,Public,No,57.14,0
81.9,71.6,45.2,76.8,98.6,91.0,13.4,2,Public,No,72.87,1
55.9,53.2,82.7,69.4,71.0,91.7,12.3,1,Public,No,41.85,0
79.4,61.7,55.4,50.9,78.6,72.7,5.2,0,Public,Yes,45.04,0
67.7,86.7,58.1,79.7,87.8,87.4,9.1,5,Public,Yes,41.0,0
84.1,52.9,65.7,84.2,86.5,90.4,10.5,4,Public,No,64.15,1
79.0,40.5,44.1,78.4,74.1,76.8,12.3,3,Public,No,24.89,0
91.8,43.8,69.2,63.2,47.8,85.1,12.7,0,Private,No,20.15,0
78.8,68.4,79.5,78.7,79.7,84.1,10.9,0,Public,Yes,45.96,0
51.1,68.4,70.1,80.6,49.6,99.7,11.8,0,Public,No,38.98,0
69.2,66.5,43.8,87.6,90.2,100.0,10.2,4,Public,Yes,43.97,0
55.9,83.8,64.3,63.2,75.9,71.7,8.0,1,Public,No,41.29,0
63.8,33.3,76.4,69.7,85.0,100.0,9.2,1,Public,No,14.33,0
88.1,73.1,39.7,79.5,64.1,77.7,10.1,5,Private,No,20.52,0
77.7,88.3,51.0,72.6,56.9,92.8,9.9,5,Public,Yes,71.04,1
61.6,53.3,78.3,60.8,76.9,92.8,4.3,4,Public,No,46.19,0
57.8,63.1,69.8,76.1,73.6,77.0,8.8,1,Public,No,23.61,0
70.4,58.2,71.8,77.8,68.6,88.9,10.2,3,Public,No,45.57,0
55.4,56.4,92.0,72.9,74.9,84.1,9.2,1,Public,Yes,61.44,1
61.9,63.8,72.6,74.2,100.0,89.4,9.3,5,Public,No,58.39,0
73.7,86.6,75.2,69.4,83.2,86.8,11.5,0,Public,Yes,64.94,1
83.9,91.9,100.0,86.8,85.5,94.6,6.8,4,Private,Yes,100.0,1
77.3,63.6,63.0,63.0,83.3,85.6,5.1,3,Private,Yes,38.75,0
42.5,92.8,54.8,66.1,90.3,83.7,9.0,4,Private,Yes,51.51,0
73.7,68.5,72.0,72.1,71.9,93.8,12.3,2,Public,Yes,57.14,0
70.9,90.8,72.1,80.8,51.4,89.6,15.1,0,Private,No,57.74,0
75.0,66.8,58.6,57.0,71.9,90.9,12.3,4,Public,Yes,44.15,0
89.4,69.7,51.5,58.9,82.9,79.7,5.6,3,Public,Yes,45.6,0
45.2,72.8,98.3,51.6,63.3,76.6,9.3,2,Private,Yes,47.02,0
62.9,100.0,70.6,72.3,72.1,80.5,10.8,2,Public,Yes,45.69,0
77.1,79.1,55.7,60.8,66.4,80.0,10.5,2,Private,No,56.24,0
51.0,58.8,78.8,68.2,90.5,91.3,11.6,2,Private,No,37.55,0
87.7,80.6,64.5,78.6,82.2,92.8,7.2,1,Public,Yes,58.22,0
74.4,63.3,62.5,65.6,81.2,83.8,10.2,1,Public,No,38.92,0
80.2,61.6,73.9,74.3,80.8,96.4,11.3,1,Public,No,59.31,0
63.1,79.8,47.9,69.0,73.6,95.9,12.5,0,Private,No,19.11,0
79.8,68.4,70.9,78.7,76.2,86.9,7.6,5,Private,Yes,72.91,1
82.8,71.6,92.8,76.8,61.0,78.4,9.0,1,Public,Yes,50.57,0
72.8,68.2,72.5,65.1,49.9,97.6,1.9,0,Public,No,45.62,0
72.8,72.4,60.7,70.3,75.7,84.5,8.1,0,Public,No,34.96,0
73.2,73.5,58.9,82.4,77.6,86.0,8.4,5,Public,No,49.25,0
59.6,42.8,60.3,75.9,87.3,82.3,6.9,2,Public,No,55.6,0
68.2,76.7,62.4,58.0,91.3,77.9,10.5,1,Private,Yes,50.27,0
68.2,55.2,60.7,78.6,91.3,73.3,9.8,2,Public,No,58.14,0
74.6,49.3,78.8,61.2,63.0,90.1,3.2,0,Private,No,33.49,0
82.0,67.2,41.7,86.1,70.1,78.7,10.6,1,Public,Yes,52.25,0
57.3,69.1,78.1,82.2,79.3,100.0,7.2,1,Public,No,48.75,0
68.5,59.0,60.7,74.9,100.0,76.3,11.5,4,Public,No,60.12,1
87.8,78.8,71.3,73.6,90.3,74.9,6.2,0,Private,No,48.2,0
61.1,50.6,50.2,69.9,86.3,89.1,10.1,2,Public,No,20.87,0
60.1,62.7,84.6,78.8,69.7,97.2,9.2,4,Public,No,41.48,0
72.4,60.4,83.4,68.3,64.3,85.5,10.9,5,Public,No,50.51,0
80.1,67.4,79.4,74.4,82.7,89.6,10.4,3,Private,No,59.44,0
70.1,71.6,44.8,80.7,61.9,70.3,9.2,1,Public,Yes,47.09,0
85.9,54.9,77.6,66.4,71.4,79.6,5.4,2,Public,Yes,62.55,1
80.3,77.4,71.7,65.8,72.7,76.4,5.6,1,Private,Yes,39.51,0
80.1,68.8,43.5,60.1,91.5,69.8,8.2,3,Private,Yes,36.93,0
76.6,43.4,65.7,61.4,70.1,85.9,10.0,1,Public,Yes,19.95,0
97.9,42.5,71.1,53.7,47.2,67.1,8.2,3,Public,No,56.45,0
67.5,67.8,73.8,79.3,79.5,74.4,11.9,3,Public,Yes,60.29,1
46.0,65.1,68.5,90.1,66.3,80.7,9.2,5,Public,Yes,50.85,0
89.3,66.7,70.1,86.3,74.5,78.3,7.1,2,Public,No,34.44,0
64.5,67.6,86.6,55.7,73.0,88.2,9.2,5,Public,Yes,51.85,0
71.3,70.9,83.2,79.2,71.0,87.4,10.7,2,Public,No,61.62,1
85.7,80.3,25.9,86.2,82.7,92.2,11.0,4,Public,No,47.78,0
50.8,53.6,61.6,67.4,57.1,91.0,15.6,3,Public,No,48.66,0
55.0,52.8,63.7,73.0,68.3,94.1,8.0,4,Public,Yes,67.81,1
50.8,53.8,41.5,51.9,81.5,85.0,9.8,2,Public,Yes,12.73,0
60.5,71.8,67.3,74.7,67.2,87.4,11.3,4,Public,No,32.48,0
75.3,84.2,83.5,61.4,56.3,89.1,9.9,2,Private,No,43.77,0
76.3,62.4,50.8,74.0,81.4,86.1,8.5,2,Public,Yes,66.29,1
73.3,35.5,70.7,56.4,86.4,81.8,5.4,2,Public,No,42.25,0
53.0,45.8,53.2,77.4,73.5,82.3,8.5,4,Public,No,25.34,0
42.3,57.2,56.6,82.2,52.4,78.5,6.8,3,Public,Yes,25.51,0
70.7,60.7,86.7,64.2,81.8,88.4,4.8,0,Public,No,31.44,0
64.3,62.7,58.4,60.6,55.7,84.2,7.6,4,Public,Yes,44.65,0
75.5,68.5,72.5,50.4,77.4,79.7,6.9,4,Private,Yes,44.34,0
78.4,63.9,39.8,69.3,64.2,79.7,11.8,0,Public,No,29.77,0
71.7,81.6,92.1,66.2,61.2,75.3,11.8,5,Public,Yes,69.78,1
79.1,59.2,74.4,56.5,69.1,92.8,7.3,3,Public,No,38.52,0
72.8,56.8,63.4,76.5,72.0,85.6,9.2,0,Public,No,36.19,0
76.4,74.2,74.1,67.5,66.9,78.1,4.4,2,Private,Yes,49.24,0
61.5,48.0,46.3,61.2,80.5,91.5,8.5,5,Public,No,38.61,0
67.8,73.1,82.6,66.5,69.1,80.5,11.2,1,Private,Yes,78.87,1
72.4,69.3,61.5,82.7,84.8,73.7,12.5,5,Private,Yes,70.56,1
79.8,66.1,63.1,78.0,77.1,93.2,7.9,2,Public,No,58.47,0
65.3,88.6,59.1,70.7,66.3,80.7,13.2,1,Public,No,45.0,0
76.3,59.9,57.9,78.2,64.5,81.7,5.5,2,Public,No,24.74,0
66.8,94.8,75.7,60.4,55.9,85.3,6.3,3,Private,Yes,61.28,1
68.6,65.1,69.6,72.3,77.2,94.1,12.1,4,Public,Yes,58.78,0
80.0,51.4,75.1,73.5,70.1,85.2,15.0,5,Public,No,35.75,0
46.1,68.9,65.9,67.3,47.9,75.4,11.5,1,Private,Yes,31.79,0
54.4,54.0,73.2,76.4,68.1,89.4,9.9,5,Private,Yes,47.62,0
52.2,58.2,60.1,64.2,64.1,81.1,3.4,3,Public,No,12.79,0
42.0,73.2,97.2,77.1,91.3,100.0,3.9,0,Public,Yes,71.5,1
61.9,75.2,44.0,77.5,55.3,85.0,10.4,5,Private,Yes,51.01,0
79.0,59.9,83.7,42.8,58.1,67.1,8.9,2,Public,Yes,56.45,0
66.6,80.8,85.2,83.9,86.2,87.9,6.7,3,Private,No,66.16,1
72.4,83.0,54.1,41.5,88.9,100.0,10.2,4,Public,No,47.54,0
83.1,86.7,97.2,65.8,65.8,97.6,10.3,0,Public,No,51.99,0
85.9,74.9,79.9,82.3,67.0,99.6,12.8,1,Private,Yes,73.68,1
69.2,85.7,79.6,68.8,80.8,76.8,10.4,4,Public,Yes,61.92,1
86.2,43.5,66.4,57.3,48.4,92.3,13.7,1,Public,No,18.61,0
71.1,63.9,63.0,61.1,53.5,79.2,10.0,0,Public,Yes,28.93,0
60.0,56.7,63.1,82.3,70.9,86.8,9.7,0,Public,No,32.48,0
62.9,69.5,71.5,52.8,91.0,74.8,13.2,4,Private,No,57.0,0
52.2,60.6,85.6,83.3,69.2,79.8,7.1,0,Public,No,44.4,0
59.3,65.8,68.5,71.4,75.1,79.6,18.4,0,Public,No,41.99,0
65.7,92.5,53.2,60.1,86.5,92.2,11.1,3,Public,No,56.74,0
79.6,65.8,77.5,66.2,97.2,91.4,11.1,0,Private,Yes,63.95,1
90.6,73.4,78.9,61.8,67.7,87.2,11.6,3,Public,No,19.83,0
53.4,65.0,75.2,80.7,73.8,74.2,15.6,3,Private,No,47.34,0
74.7,69.0,76.4,79.3,94.0,82.5,12.4,3,Private,No,79.7,1
57.5,68.1,62.2,54.8,57.3,79.0,5.2,2,Public,No,0.0,0
75.7,73.8,53.0,68.0,85.3,92.0,14.2,4,Private,No,60.05,1
68.4,83.1,53.8,63.4,62.8,94.4,9.0,3,Public,No,61.33,1
48.0,89.4,43.1,84.9,75.1,93.5,10.3,2,Public,Yes,37.16,0
81.1,72.0,69.3,58.5,71.3,79.0,6.2,0,Public,No,38.84,0
62.7,75.7,64.8,88.0,63.5,63.1,11.6,1,Private,No,30.2,0
63.6,53.0,59.8,71.7,63.2,70.9,8.0,0,Private,Yes,55.24,0
57.2,66.9,24.6,60.4,77.0,96.4,10.3,0,Private,No,26.37,0
62.1,80.2,48.5,65.2,85.0,81.8,9.1,1,Private,No,43.04,0
75.1,79.3,81.7,64.0,72.6,79.0,15.8,1,Public,Yes,81.31,1
67.7,70.8,56.7,59.3,74.8,98.1,15.9,0,Private,Yes,64.25,1
73.9,79.5,71.0,72.9,80.3,95.1,10.1,1,Private,No,47.93,0
74.3,74.4,46.5,59.7,63.3,85.2,10.2,3,Public,Yes,32.53,0
85.8,83.6,86.1,50.2,82.1,82.7,8.9,1,Public,Yes,67.4,1
65.9,71.8,64.0,68.2,83.0,83.9,13.3,1,Public,No,40.4,0
52.3,63.4,70.1,54.0,100.0,86.8,9.0,0,Private,Yes,19.05,0
82.8,72.4,98.6,64.5,69.9,97.8,8.7,0,Public,Yes,62.53,1
66.0,29.9,87.2,62.9,69.0,88.4,12.9,0,Private,No,21.53,0
83.4,73.0,61.7,63.3,82.5,90.8,8.4,2,Public,Yes,74.41,1
74.6,20.6,57.7,92.0,83.0,94.4,9.9,3,Public,No,40.37,0
68.4,45.6,61.4,72.6,68.1,75.6,5.3,4,Public,No,15.31,0
74.2,73.9,73.1,74.5,69.6,91.0,12.1,3,Public,No,45.95,0
93.4,74.2,64.5,54.2,80.0,82.6,15.8,3,Private,No,38.58,0
94.9,52.9,60.5,65.5,64.9,64.9,12.2,5,Public,No,29.12,0
70.8,58.7,86.5,74.2,69.5,68.0,14.4,1,Private,Yes,72.34,1
71.9,85.8,64.4,61.8,75.0,76.9,7.5,4,Public,No,73.98,1
82.9,61.7,98.2,81.1,85.0,89.2,10.7,5,Private,Yes,86.99,1
59.9,97.2,67.3,60.0,67.3,85.9,7.2,3,Public,No,42.28,0
74.0,68.0,91.0,69.1,53.7,86.5,9.3,5,Public,No,44.89,0
69.7,73.3,71.0,66.1,52.9,100.0,12.3,0,Public,Yes,37.45,0
73.8,89.0,79.5,73.6,60.1,74.8,10.3,5,Public,Yes,87.26,1
60.0,69.7,55.9,65.6,59.6,84.8,5.8,3,Public,No,25.06,0
50.9,55.0,54.0,69.3,72.3,87.4,6.1,1,Private,Yes,58.93,0
45.1,66.6,72.4,69.6,60.9,79.1,5.9,0,Public,Yes,48.2,0
56.6,67.5,79.8,64.7,66.3,85.2,11.5,4,Public,Yes,26.29,0
64.5,50.3,66.6,76.9,65.5,72.2,16.2,2,Public,No,32.89,0
66.5,64.7,48.0,74.4,69.2,96.3,14.1,1,Public,No,33.28,0
93.2,58.4,47.0,71.1,88.5,79.5,4.3,2,Public,No,37.22,0
83.3,80.0,46.0,67.7,81.3,100.0,14.3,5,Public,No,57.33,0
58.5,68.4,41.3,80.0,74.2,84.7,12.8,2,Private,Yes,85.81,1
74.2,64.3,67.5,69.6,68.9,93.2,5.4,0,Private,Yes,32.32,0
65.1,66.6,81.8,68.9,69.2,84.6,9.1,1,Public,No,46.85,0
66.6,70.9,65.8,73.0,77.6,84.8,13.3,0,Public,No,56.37,0
72.2,76.0,34.4,89.0,80.4,80.3,11.7,4,Public,No,46.55,0
77.4,55.0,63.3,58.6,64.0,86.0,6.1,4,Public,No,33.47,0
65.9,54.5,63.7,79.7,74.4,87.5,11.8,5,Public,No,31.95,0
82.8,82.4,95.3,53.1,51.7,78.7,3.6,3,Private,No,49.69,0
56.3,62.6,45.6,74.2,76.3,84.0,9.3,4,Public,No,39.21,0
70.1,49.6,60.5,87.8,82.4,80.1,13.4,2,Public,No,51.21,0
100.0,73.8,89.9,76.9,70.9,100.0,10.1,3,Private,No,81.86,1
72.7,74.0,72.3,73.7,94.0,84.3,8.5,0,Public,No,70.69,1
87.2,48.1,73.9,66.4,64.3,97.4,12.7,3,Private,No,65.55,1
71.1,71.0,67.6,72.3,76.4,83.4,12.9,3,Public,No,52.72,0
77.0,77.6,70.6,69.5,73.6,87.1,13.9,0,Public,Yes,44.84,0
69.3,72.9,76.9,64.1,72.9,74.4,12.6,3,Private,Yes,50.75,0
68.0,76.2,54.7,69.1,72.7,81.4,13.2,4,Private,No,47.93,0
60.6,49.7,78.3,74.0,75.2,86.7,12.2,2,Private,No,51.01,0
75.2,72.3,46.8,64.3,83.3,97.7,10.8,3,Public,No,39.63,0
59.8,64.1,70.6,63.9,89.2,86.8,10.3,1,Private,No,35.0,0
78.0,61.7,68.5,58.4,74.0,96.1,9.3,1,Public,Yes,32.22,0
83.0,79.3,57.4,75.9,83.0,90.1,6.4,0,Public,No,26.98,0
74.4,87.2,65.7,77.5,66.3,98.0,7.1,1,Public,No,47.18,0
66.6,91.3,57.3,74.3,82.4,84.5,9.2,4,Public,No,32.69,0
75.4,85.1,51.0,81.7,65.6,100.0,10.7,5,Public,No,40.97,0
66.3,66.6,61.0,72.9,86.0,81.1,14.3,3,Public,Yes,50.17,0
81.2,72.6,50.5,75.9,98.3,78.9,9.9,3,Private,No,38.81,0
48.0,78.0,70.5,75.0,72.7,75.3,13.0,3,Private,No,54.27,0
66.0,69.6,49.9,71.1,49.9,100.0,13.2,2,Private,No,51.98,0
46.1,69.7,76.0,66.7,68.0,91.6,9.3,2,Public,No,30.36,0
52.1,78.7,49.5,94.1,87.6,82.3,11.8,3,Private,Yes,52.16,0
